"","undup.rna.points.id","undup.atac.points.id","undup.cell.types"
"17390","P8_rep1.GAAACTCTCACGCGGT.1","retina.P5_CAGCTAAGTTCTTAGG-1","MG"
"17501","P8_rep1.TGCTACCCATTCTTAC.1","retina.P8_CGGTGCAAGTCCTTCC-1","MG"
"17339","P8_rep1.CGCGGTAAGCTAACAA.1","retina.P8_GTAGTACCACAAACGG-1","MG"
"16397","P5.ACTGCTCGTTACGTCA.1","retina.P5_TAGTCCCCAGGTCCTG-1","MG"
"17354","P8_rep1.CGTGTAAAGTCAAGGC.1","retina.E14_GGTGCTGTCTTAAGCG-1","MG"
"17420","P8_rep1.GCATGCGCAGACGCTC.1","retina.P8_TAGCTTTTCGCCGAAC-1","MG"
"17177","P8_rep1.AGGGATGAGATGCCTT.1","retina.E11_TACTGCCGTTCCGCGA-1","MG"
"17469","P8_rep1.TAAGAGAGTCCAGTGC.1","retina.P2_CCCTAACCAATGAAAC-1","MG"
"17396","P8_rep1.GAATAAGTCACCGTAA.1","retina.P8_CTCATGCTCAGGAATA-1","MG"
"15375","P2_rep3.CAGGTGCAGACGCTTT.1","retina.P0_AAGATAGAGGTACACG-1","MG"
"17395","P8_rep1.GAATAAGAGCTACCGC.1","retina.P5_CAGCTGGCAATTCAGC-1","MG"
"17412","P8_rep1.GATCTAGGTCAAGCGA.1","retina.P5_TCAGGTAAGTTTGGAA-1","MG"
"17322","P8_rep1.CCTATTACAAGTCTAC.1","retina.E18_TACTAGGTCACTCGGG-1","MG"
"17468","P8_rep1.GTTCGGGAGTAGGCCA.1","retina.P8_ATGCATGTCAGAGTGG-1","MG"
"17473","P8_rep1.TACCTATGTGCAACTT.1","retina.E11_ACTTTCATCCAGGGAA-1","MG"
"17317","P8_rep1.CCTAAAGGTACTCGCG.1","retina.E16_AACTTGGAGGGATCCA-1","MG"
"17514","P8_rep1.TTCTACAGTACTCTCC.1","retina.P5_GCGTTGGCACGTTAGT-1","MG"
"17497","P8_rep1.TGAGCATGTCCAACTA.1","retina.E14_CCAGAATGTGCTTACA-1","MG"
"17435","P8_rep1.GGACAAGGTTGTGGAG.1","retina.E14_GGGCCATAGGAGTCTG-1","MG"
"17340","P8_rep1.CGCGTTTAGGACACCA.1","retina.P5_CACCTGTTCCCTAAAG-1","MG"
"17506","P8_rep1.TGTCCCAAGGACACCA.1","retina.P5_CACATGAGTTCTGAGT-1","MG"
"17316","P8_rep1.CCGTTCACAATCGGTT.1","retina.P8_CGCTATCGTTCTGAGT-1","MG"
"17419","P8_rep1.GCATGATAGAACAATC.1","retina.E16_GCGGAAAGTCTGGTCG-1","MG"
"17319","P8_rep1.CCTAGCTCAGTACACT.1","retina.E11_CAGCTGGAGGGAAATG-1","MG"
"17392","P8_rep1.GAACATCTCCTGCAGG.1","retina.P5_ACCCAAATCTGACTTT-1","MG"
"17512","P8_rep1.TTCGAAGTCGACAGCC.1","retina.P0_TGTTAGGGTCTCTAAG-1","MG"
"17334","P8_rep1.CGAGCACAGCTTTGGT.1","retina.P5_CCCTCTCCAATAGTGA-1","MG"
"17323","P8_rep1.CCTATTAGTCTTCTCG.1","retina.P5_TACATTCCATTGCCTC-1","MG"
"17474","P8_rep1.TACCTATGTTGTCGCG.1","retina.P5_TTTGAGGTCACAACAC-1","MG"
"16843","P5.TACGGATCAATCTACG.1","retina.E14_CGATGATAGTATAGTG-1","MG"
"17308","P8_rep1.CCCTCCTAGAACAATC.1","retina.P8_TACCTATAGATTCCGT-1","MG"
"17480","P8_rep1.TCACAAGGTTCCATGA.1","retina.P5_ACAAACCCATTAACGC-1","MG"
"17495","P8_rep1.TGACTTTCATGCAACT.1","retina.P5_CCACAGGTCCCAATGA-1","MG"
"17425","P8_rep1.GCGCCAAAGGGCTCTC.1","retina.P0_TTTGTGTGTACGCCCA-1","MG"
"17489","P8_rep1.TCTATTGTCTCCAGGG.1","retina.E14_GCGTTGGTCAATTCCT-1","MG"
"17329","P8_rep1.CGAACATGTAGAAAGG.1","retina.P5_TTAGGTGTCGCAGATT-1","MG"
"17475","P8_rep1.TACCTTATCACGGTTA.1","retina.P5_ATGTCGAAGTAACTCC-1","MG"
"17303","P8_rep1.CCACTACGTGGTCTCG.1","retina.P5_TTCATTGCATCGTACA-1","MG"
"17502","P8_rep1.TGGGAAGAGCCAGTTT.1","retina.P8_CACGTTCGTTACCACA-1","MG"
"17324","P8_rep1.CCTCAGTAGACGACGT.1","retina.P5_CTCAGAAGTATGGTTC-1","MG"
"17520","P8_rep1.TTTGGTTTCTCCCTGA.1","retina.P5_GCACGCACATGCACTA-1","MG"
"17485","P8_rep1.TCAGCTCTCCCAAGTA.1","retina.P2_AAGGTTCCATGGCCCA-1","MG"
"15361","P2_rep3.CAGCATATCTTTACGT.1","retina.E14_GTCCATCAGGGCATTG-1","MG"
"17301","P8_rep1.CCACGGAGTGATGTCT.1","retina.P8_CTGTTCGGTTCGGGAA-1","MG"
"17315","P8_rep1.CCGTGGAGTCATCCCT.1","retina.P0_AAGGTTCGTCACAGTT-1","MG"
"17523","P8_rep2.AACCGCGTCCACGTTC.1","retina.P0_AGCCCGATCCGTTAGA-1","MG"
"12272","E18_rep3.ATTCTACCAACGATGG.1","retina.E18_GCAGATTGTAACCCAT-1","MG"
"17341","P8_rep1.CGCTATCAGAGACGAA.1","retina.P5_GTCCATCAGTAGGAAG-1","MG"
"16685","P5.CTACGTCCAGCGTCCA.1","retina.P5_TGTAGCACAGGGAGTT-1","MG"
"17295","P8_rep1.CATGCCTGTCTAGCCG.1","retina.E11_TACTAGGGTAACCGAG-1","MG"
"17408","P8_rep1.GAGTCCGCAGCGTAAG.1","retina.P5_AATGTCGCACCTGAAT-1","MG"
"17387","P8_rep1.CTTGGCTGTCCCTTGT.1","retina.E11_ATATTCCTCCTCCCAA-1","MG"
"17500","P8_rep1.TGCGTGGGTCAATACC.1","retina.E16_ACAGACTTCAGTCACA-1","MG"
"17481","P8_rep1.TCACGAACAAGACACG.1","retina.P5_GCTCCTATCGAGGCTC-1","MG"
"17439","P8_rep1.GGATTACGTAAGTGGC.1","retina.E16_GCTCGAGAGCTTACCA-1","MG"
"17398","P8_rep1.GACAGAGAGTGGAGAA.1","retina.E14_AGCTGTAGTCCCTTTG-1","MG"
"17415","P8_rep1.GCACTCTGTAGGCTGA.1","retina.E16_GTAATCGAGCCTATAC-1","MG"
"16363","P5.ACGGAGACACGGTAAG.1","retina.P5_ATCCCTGTCGGATAGG-1","MG"
"17472","P8_rep1.TACCTATCAGCTGGCT.1","retina.P5_TTACCGCCAGAAGTGC-1","MG"
"17346","P8_rep1.CGGAGTCCAGACAGGT.1","retina.E11_CAAAGCTCAGCAAACG-1","MG"
"17300","P8_rep1.CCACGGACACAGGAGT.1","retina.P8_GGTGAAGTCCATGACA-1","MG"
"17309","P8_rep1.CCCTCCTAGCGATATA.1","retina.P5_CGTAAACGTGGGTAGT-1","MG"
"17437","P8_rep1.GGAGCAATCTACTTAC.1","retina.P5_GGAGTAGAGGTTTCTG-1","MG"
"17447","P8_rep1.GGGCATCAGATCACGG.1","retina.P8_ACCGCAGGTAGTCCAT-1","MG"
"17477","P8_rep1.TACGGGCCATAACCTG.1","retina.P5_CTGGGACTCTCTGCGT-1","MG"
"17519","P8_rep1.TTTGCGCTCGGCCGAT.1","retina.P8_GTCTACCTCGTTGTAG-1","MG"
"17493","P8_rep1.TGACTAGCATTAACCG.1","retina.P5_GTGTGATGTAGAATAC-1","MG"
"17451","P8_rep1.GTAACGTGTCTTCTCG.1","retina.E11_TTCTGTATCCTTACGC-1","MG"
"17518","P8_rep1.TTTGCGCTCCCTCTTT.1","retina.P8_CTCAACCAGTAACACA-1","MG"
"17312","P8_rep1.CCGTACTAGCCACGCT.1","retina.E11_GCTGCGAAGCTATCCA-1","MG"
"16651","P5.CGCGTTTTCCTTGCCA.1","retina.P8_TAGCACATCATTCTTG-1","MG"
"17508","P8_rep1.TGTGTTTAGTGCCAGA.1","retina.P2_GTGGCGTCAGTATACC-1","MG"
"17494","P8_rep1.TGACTTTCATCCTTGC.1","retina.P8_ACTCGGGAGTTGCCGC-1","MG"
"17384","P8_rep1.CTTCTCTTCTCTGAGA.1","retina.E16_CAACGTAGTAGTACAA-1","MG"
"17374","P8_rep1.CTCGGAGGTCTGGTCG.1","retina.P0_TGATCAGCACAGGAAC-1","MG"
"17466","P8_rep1.GTTAAGCTCAAAGTAG.1","retina.P5_GTTGGGCGTATTGTCG-1","MG"
"17526","P8_rep2.ACACTGACAGCCACCA.1","retina.P5_CTGTATTCACAATAAG-1","MG"
"15825","P2_rep3.GCACATACATCACGTA.1","retina.P5_CTTGCCAGTCGGCTGT-1","MG"
"12101","E18_rep3.ACTGAACCATGGTCTA.1","retina.E16_GGAACTTGTTGCTTGA-1","MG"
"17524","P8_rep2.AACTCTTTCGTGGGAA.1","retina.P0_GCTCCTACAGTGGTCC-1","MG"
"17372","P8_rep1.CTCCTAGGTTAAAGAC.1","retina.E16_TTATGTCCAAGACTAA-1","MG"
"17306","P8_rep1.CCCAGTTCACGGTGTC.1","retina.P5_CTCAGAAGTCATAAGA-1","MG"
"16575","P5.CATCGAAAGGTAGCCA.1","retina.P0_ACAATCGCACAGATGG-1","MG"
"17371","P8_rep1.CTCATTAGTTCCGGCA.1","retina.P5_TCTCTGGGTGGCCTTG-1","MG"
"17418","P8_rep1.GCATACACAGTACACT.1","retina.P0_TTACTCAGTGATGTGG-1","MG"
"17459","P8_rep1.GTCGGGTGTCCAAGTT.1","retina.P8_GCCTACTAGGGAGTTC-1","MG"
"17462","P8_rep1.GTCTCGTTCCTGCAGG.1","retina.P5_AAGGAGCTCCTAAGTG-1","MG"
"17394","P8_rep1.GAAGCAGTCGCATGAT.1","retina.E14_AGATTCGAGTCTAGAA-1","MG"
"17356","P8_rep1.CTAACTTTCACTATTC.1","retina.P5_AGCGTGCGTGCCCAGT-1","MG"
"16351","P5.ACGCCAGAGAAACGAG.1","retina.E14_GGAATCTCAGGCATTT-1","MG"
"17503","P8_rep1.TGGTTAGTCGTAGGAG.1","retina.P5_AACTTGGCACGTTAGT-1","MG"
"17393","P8_rep1.GAACCTATCGCGTTTC.1","retina.P5_CTGGGACGTATTCGAC-1","MG"
"17413","P8_rep1.GATGAGGCAGACGCAA.1","retina.P0_CCATACCCAGTTGGAG-1","MG"
"17434","P8_rep1.GGAATAAGTCTCTTTA.1","retina.P8_TTCGGTCAGAGCACTG-1","MG"
"17424","P8_rep1.GCGCAACTCTAAGCCA.1","retina.P2_ACCTGCTCACCACGAC-1","MG"
"17446","P8_rep1.GGGATGACAGCGTAAG.1","retina.P5_GTCACGGTCTATCTAC-1","MG"
"16721","P5.GAAATGACACTTACGA.1","retina.E18_CTAGGATCACCGAAAG-1","MG"
"17383","P8_rep1.CTTAACTTCCAAGTAC.1","retina.P5_CCTGGGATCTCTGCGT-1","MG"
"17490","P8_rep1.TCTGAGAGTTCAGGCC.1","retina.P8_CAAAGCTTCAGTACAC-1","MG"
"17445","P8_rep1.GGGATGAAGCTAGTTC.1","retina.E18_GCGATCGCATGTGAGG-1","MG"
"1033","E11.ATTGGACTCTGAGGGA.1","retina.E14_GAGTGAGAGATCTAAG-1","RPCs_S1"
"30","E11.AAACGGGGTAAGTGTA.1","retina.E11_GTCACCTTCCTAGAGT-1","RPCs_S1"
"1966","E11.CTTCTCTCAGGGTACA.1","retina.E11_CACCACTAGTAATGTG-1","RPCs_S1"
"846","E11.AGTGGGACAGGCAGTA.1","retina.E14_TTCGATTGTAAAGGCC-1","RPCs_S1"
"1841","E11.CTCCTAGAGGGCACTA.1","retina.E11_TCACCTGGTCACATTG-1","RPCs_S1"
"1667","E11.CGGAGCTCAAGCTGTT.1","retina.E11_CGCTATCAGCCGCAAA-1","RPCs_S1"
"2308","E11.GGACAGATCTCAAACG.1","retina.E11_TTACTCACAAGCGAAC-1","RPCs_S1"
"1328","E11.CATCGAATCATGGTCA.1","retina.P5_ATATTCCGTTAACCGT-1","RPCs_S1"
"579","E11.ACTGTCCAGGATGGAA.1","retina.E11_GGGCCATAGTACCCAT-1","RPCs_S1"
"1990","E11.GAAACTCTCGTCGTTC.1","retina.E11_GCTGCGAGTATCTGCA-1","RPCs_S1"
"373","E11.ACATCAGGTCGAATCT.1","retina.E11_CCTATTAGTCATAGCT-1","RPCs_S1"
"2526","E11.GTTCATTTCTCTGTCG.1","retina.E11_GGTACCGGTATTCTTC-1","RPCs_S1"
"87","E11.AAATGCCCAGACAGGT.1","retina.E14_TTGGTCCGTTCCAGTA-1","RPCs_S1"
"1520","E11.CCTTACGAGATCACGG.1","retina.E14_TGAATCGAGAACGTTA-1","RPCs_S1"
"2402","E11.GTAACGTGTTGCGCAC.1","retina.E12_CCTGGGATCGGCAATT-1","RPCs_S1"
"1660","E11.CGGACGTAGCTAGTGG.1","retina.E12_CTCAGCTTCAGTGTAC-1","RPCs_S1"
"358","E11.ACAGCTATCTATGTGG.1","retina.E14_GAGACTTCAGTAGGCA-1","RPCs_S1"
"1864","E11.CTCGGGAGTCTTTCAT.1","retina.E11_CCTTAATCAGCTGATT-1","RPCs_S1"
"2892","E11.TTCTCAAGTCCAACTA.1","retina.E11_GTGGCGTCACCGTCTT-1","RPCs_S1"
"1081","E11.CAAGAAACACTTACGA.1","retina.E14_GCCCAGACAGTAAGAT-1","RPCs_S1"
"365","E11.ACATCAGAGAGGTTGC.1","retina.E11_CACCACTTCATACTTC-1","RPCs_S1"
"1351","E11.CATGGCGAGATGGCGT.1","retina.E11_CACTGAATCAATTGGC-1","RPCs_S1"
"1276","E11.CAGTAACGTAAGAGGA.1","retina.E12_GGTGAAGAGTCAGCCC-1","RPCs_S1"
"2838","E11.TGGTTAGCAAACGCGA.1","retina.E11_TCGCAGGAGGTTACAA-1","RPCs_S1"
"1862","E11.CTCGGGAAGCCAGAAC.1","retina.E11_CCAGAATGTGGTACTT-1","RPCs_S1"
"2898","E11.TTCTCCTTCTTGCATT.1","retina.E11_AGGCGTCGTTAGGAAT-1","RPCs_S1"
"249","E11.AAGGCAGAGAGGGCTT.1","retina.E16_TACCTATGTGCACTTA-1","RPCs_S1"
"758","E11.AGGCCACCAGCCTTGG.1","retina.E16_ACGGATTGTAGGGTCA-1","RPCs_S1"
"220","E11.AAGACCTTCGGACAAG.1","retina.E11_TGACAACAGTTCAACC-1","RPCs_S1"
"136","E11.AACGTTGGTGTGACGA.1","retina.E14_TCACTCGCAAGGAACC-1","RPCs_S1"
"112","E11.AACACGTTCCTTGGTC.1","retina.E11_CTTTGCGGTGTCTCGG-1","RPCs_S1"
"538","E11.ACTATCTCAATGAAAC.1","retina.E14_GGGACCTCAGATTTGC-1","RPCs_S1"
"2452","E11.GTCACGGCAGGGCATA.1","retina.E11_GTGTCAAAGGATTAAC-1","RPCs_S1"
"412","E11.ACCGTAATCTGGCGAC.1","retina.E14_CAATCCCGTATCTAGC-1","RPCs_S1"
"3157","E12_rep1.ATTTCTGAGTGGGCTA.1","retina.E14_CGCGCAAAGTGGGACT-1","RPCs_S1"
"1603","E11.CGATGTAGTTAGGGTG.1","retina.E12_AACATCGGTGATCAGG-1","RPCs_S1"
"920","E11.ATCCGAACAGTATGCT.1","retina.E16_GAATCTGTCCAACCTC-1","RPCs_S1"
"2543","E11.TAAACCGGTTCTGAAC.1","retina.E11_GAGATTCTCCAGCACG-1","RPCs_S1"
"2205","E11.GCGACCAGTCTAGCGC.1","retina.E11_TAACAGCTCCAGGTCG-1","RPCs_S1"
"1861","E11.CTCGGAGTCGCCAAAT.1","retina.E11_TGGCCTTTCGCACCGA-1","RPCs_S1"
"3171","E12_rep1.CACACTCAGGCAAAGA.1","retina.E14_TGATTTCTCCGAGGAA-1","RPCs_S1"
"1857","E11.CTCGGAGCAAACCTAC.1","retina.E18_GCGCATGGTATGCTAC-1","RPCs_S1"
"363","E11.ACATACGGTTCCGGCA.1","retina.P0_GTCACGGAGAGGAATG-1","RPCs_S1"
"2180","E11.GCATACATCCTTTCTC.1","retina.E16_ATTGTGGTCCTGGAAT-1","RPCs_S1"
"1157","E11.CACATTTGTGGGTCAA.1","retina.E12_GTGCCAGTCGGAAAGC-1","RPCs_S1"
"2068","E11.GACGCGTTCCATGAAC.1","retina.E12_AGGCGAACACCCATCT-1","RPCs_S1"
"1110","E11.CACAAACGTTGGAGGT.1","retina.E11_AAGGAGCAGTAGAAGG-1","RPCs_S1"
"1251","E11.CAGCTAAAGACTACAA.1","retina.E11_CGCACAGCAGTAACCT-1","RPCs_S1"
"1227","E11.CAGCAGCCAGGGTACA.1","retina.E11_AGGCGTCTCTCTGTTA-1","RPCs_S1"
"20","E11.AAACGGGAGCCTCGTG.1","retina.E11_CACGTTCTCTTAATCC-1","RPCs_S1"
"275","E11.AAGTCTGGTATAGGTA.1","retina.E12_AAAGGATTCCACTAGA-1","RPCs_S1"
"422","E11.ACGAGCCAGCGTCTAT.1","retina.E11_AGACAAACAAGAAACT-1","RPCs_S1"
"2019","E11.GAACGGATCCGTCAAA.1","retina.E11_ACTGCAATCTCGGCGA-1","RPCs_S1"
"1581","E11.CGAGCCAAGTGTACCT.1","retina.E11_TACGGATCAAGCTTTG-1","RPCs_S1"
"2494","E11.GTGCTTCCAGTCAGAG.1","retina.E14_TAGTCCCCACGACGAA-1","RPCs_S1"
"875","E11.ATAAGAGAGCGTGAAC.1","retina.E11_CATTCATGTCAACTGT-1","RPCs_S1"
"693","E11.AGCCTAAGTTCGTTGA.1","retina.E11_CAACCAAGTAACGGTG-1","RPCs_S1"
"407","E11.ACCGTAAGTGCTGTAT.1","retina.E14_TTGGTCCAGAAATTCG-1","RPCs_S1"
"1625","E11.CGCGGTAGTTAAGACA.1","retina.E11_ACAAAGAAGGATGTAT-1","RPCs_S1"
"1048","E11.ATTTCTGTCCCTAACC.1","retina.E11_ACATGGTAGCAGAGCT-1","RPCs_S1"
"1072","E11.CAACTAGGTCTCTCGT.1","retina.E11_GGGTCTGGTCCTCAGG-1","RPCs_S1"
"1821","E11.CTAGTGATCCACGAAT.1","retina.E14_AGCGTGCCACAATAAG-1","RPCs_S1"
"826","E11.AGTAGTCAGTGTTGAA.1","retina.E11_TCAAGCATCGTCTAGA-1","RPCs_S1"
"2683","E11.TCAGCAAAGTCTTGCA.1","retina.E11_TATCTGTCAATCCATG-1","RPCs_S1"
"641","E11.AGAGCTTGTTTGTGTG.1","retina.E11_ACCAAACGTCAACAGG-1","RPCs_S1"
"671","E11.AGATTGCGTATGCTTG.1","retina.E14_TTGACGATCCTATCAT-1","RPCs_S1"
"3245","E12_rep1.CTACACCTCCCTTGTG.1","retina.E14_AATACGCAGTGAAGGA-1","RPCs_S1"
"726","E11.AGCGTCGCAATGAAAC.1","retina.E11_GCTCCTATCGCAAGCC-1","RPCs_S1"
"505","E11.ACGGCCAAGTGTCTCA.1","retina.E11_TAGCCCTCAGGCAAGT-1","RPCs_S1"
"3078","E12_rep1.AGACGTTGTGTTGGGA.1","retina.E16_CATGCCTCACTCCTCA-1","RPCs_S1"
"2841","E11.TGGTTCCGTAGCGCTC.1","retina.E11_TCTATTGAGAGCGGTT-1","RPCs_S1"
"2752","E11.TCTTTCCTCGTGGGAA.1","retina.E14_CACGTTCCAGCAGGTA-1","RPCs_S1"
"2304","E11.GGACAGAGTTGATTCG.1","retina.E11_ACTCGGGGTTTCCGGG-1","RPCs_S1"
"427","E11.ACGAGCCCATTCACTT.1","retina.E11_TGTTAGGGTTAGGAGC-1","RPCs_S1"
"425","E11.ACGAGCCCATACAGCT.1","retina.E16_TTGCACCTCAGTAGTC-1","RPCs_S1"
"997","E11.ATGTGTGTCCTCAATT.1","retina.P0_TAACAGCAGCAACTGG-1","RPCs_S1"
"141","E11.AACGTTGTCTTGAGAC.1","retina.E11_GCAGATTCATGTCCCT-1","RPCs_S1"
"127","E11.AACCGCGGTTACGGAG.1","retina.E12_TGCATTTTCAAGAGAT-1","RPCs_S1"
"1006","E11.ATTATCCAGATTACCC.1","retina.E14_CCTTGCATCTATCTAC-1","RPCs_S1"
"4633","E14_rep1.ATCATGGCAGGACGTA.1","retina.E16_CCCTGATCATTACCTT-1","RPCs_S1"
"2346","E11.GGCCGATCACAACGTT.1","retina.E11_AGCTGTACAACGGGTA-1","RPCs_S1"
"1163","E11.CACCACTCATTACCTT.1","retina.E11_TTGGTCCAGTCTTAGC-1","RPCs_S1"
"2654","E11.TATTACCCACGAAATA.1","retina.E12_TCTCAGCGTTATGCAC-1","RPCs_S1"
"1550","E11.CGAATGTAGGCGTACA.1","retina.E11_GGCGAAAGTATCACAC-1","RPCs_S1"
"509","E11.ACGGCCAGTTGGACCC.1","retina.E14_TGCGTAATCTCTCAAT-1","RPCs_S1"
"1494","E11.CCTAGCTAGTAAGTAC.1","retina.E11_TTGTTGTTCCACACCT-1","RPCs_S1"
"362","E11.ACATACGGTCATTAGC.1","retina.E11_CAGTGTATCACTACCC-1","RPCs_S1"
"792","E11.AGGGATGTCGTCCGTT.1","retina.E11_TTTGGTTCAGGACCTC-1","RPCs_S1"
"2202","E11.GCGACCACACATTTCT.1","retina.E11_TTGCACCAGAGGCCTA-1","RPCs_S1"
"2725","E11.TCGTACCAGGCATGTG.1","retina.E11_TGCATGAGTTCCCTTG-1","RPCs_S1"
"3146","E12_rep1.ATGGGAGTCAGCACAT.1","retina.E11_ATTGTCTTCGATAGGG-1","RPCs_S1"
"3068","E12_rep1.ACTGCTCGTGGCCCTA.1","retina.E14_CCAATGACAATGGCTT-1","RPCs_S1"
"1586","E11.CGATCGGCATTAGCCA.1","retina.E11_GCCATAATCCTCCCAA-1","RPCs_S1"
"307","E11.ACACCCTCAATCCGAT.1","retina.E11_TCACTCGAGAGAACCC-1","RPCs_S1"
"1854","E11.CTCGAGGTCCAATGGT.1","retina.E11_CGGTGCACAAGGGTAC-1","RPCs_S1"
"2488","E11.GTGCGGTCATTGCGGC.1","retina.E12_TTCTGTACAGCGCGTT-1","RPCs_S1"
"989","E11.ATGTGTGAGTCGTTTG.1","retina.E11_GTGCCAGCAGATAAGT-1","RPCs_S1"
"2653","E11.TATTACCCAACGCACC.1","retina.E14_AATGGAATCAGAGTGG-1","RPCs_S1"
"130","E11.AACGTTGAGTGGGTTG.1","retina.E11_GCTCCTACAAGCAACG-1","RPCs_S1"
"311","E11.ACACCCTTCACTCTTA.1","retina.E11_GCATGATCAAGTCTGT-1","RPCs_S1"
"6294","E14_rep1.GGAGCAACATTGCGGC.1","retina.E14_GGCACGTGTCGTAATC-1","RPCs_S2"
"7487","E14_rep2.AGCGGTCGTCTTGATG.1","retina.E14_TAATCGGGTAGTTTGC-1","RPCs_S2"
"3767","E14_rep1.AATCGGTTCCACGCAG.1","retina.E16_GCACGCAGTGCAGACA-1","RPCs_S2"
"6275","E14_rep1.GGACAAGCATTCTTAC.1","retina.E11_TCGCCTACACGGCCAT-1","RPCs_S2"
"6572","E14_rep1.TAGAGCTTCCTGCTTG.1","retina.E14_TACATTCTCAGAACGG-1","RPCs_S2"
"7824","E14_rep2.CACCAGGCAAGCGCTC.1","retina.E14_TTGCTATTCCAGGTAT-1","RPCs_S2"
"3797","E14_rep1.ACACCCTTCGCCGTGA.1","retina.E14_GCCCAGAAGGCGATTG-1","RPCs_S2"
"7076","E14_rep2.AAGGAGCAGCAAATCA.1","retina.E16_GCAAAGGAGGTTTCTG-1","RPCs_S2"
"4704","E14_rep1.ATCTGCCTCGTTACAG.1","retina.E16_TGTAGCACAGGCTACC-1","RPCs_S2"
"5175","E14_rep1.CATCCACCAGTCACTA.1","retina.E11_GCGCATGTCGCGCTGA-1","RPCs_S2"
"5142","E14_rep1.CATATGGCAAGCCATT.1","retina.E14_AAGATAGTCGGAAAGC-1","RPCs_S2"
"3672","E14_rep1.AAGGAGCCAGCGATCC.1","retina.E11_GGTGAAGTCGTGATAC-1","RPCs_S2"
"6524","E14_rep1.TACCTATAGTACCGGA.1","retina.E14_TGTGTCCGTCAATCCA-1","RPCs_S2"
"4227","E14_rep1.AGAATAGTCTGAGTGT.1","retina.E16_TGGTCCTTCCGCTATC-1","RPCs_S2"
"8113","E14_rep2.CGAGCCAGTCCGAACC.1","retina.E14_GTGTGATCAAGCCAGA-1","RPCs_S2"
"5309","E14_rep1.CCCAGTTGTAGAGCTG.1","retina.E14_AGACAAACATGACTGT-1","RPCs_S2"
"3801","E14_rep1.ACACCGGAGGTAAACT.1","retina.P0_CACAACAAGATACCAA-1","RPCs_S2"
"3745","E14_rep1.AATCCAGCACAAGCCC.1","retina.E18_GCGGGTTTCTGTGTCC-1","RPCs_S2"
"8500","E14_rep2.GCGCAGTGTATGCTTG.1","retina.E16_CTTTGCGCATGGCCCA-1","RPCs_S2"
"3782","E14_rep1.ACACCAATCTGATACG.1","retina.E18_ACTAACGTCGTGAACT-1","RPCs_S2"
"7091","E14_rep2.AAGGCAGGTCATGCAT.1","retina.E16_CAAAGCTCATCCATAG-1","RPCs_S2"
"6693","E14_rep1.TCTTCGGGTTCCCTTG.1","retina.E14_CTACAGAAGCATTCCA-1","RPCs_S2"
"6946","E14_rep2.AAAGCAAGTTGTTTGG.1","retina.E18_TTTGTGTTCCCTATTA-1","RPCs_S2"
"6576","E14_rep1.TAGCCGGGTCTTCGTC.1","retina.E14_ACAGGCCCAGCGTGAA-1","RPCs_S2"
"9145","E16.CAGCCGACATGGTAGG.1","retina.E16_GTCACGGCAATAGCGG-1","RPCs_S2"
"1664","E11.CGGACTGGTGATAAGT.1","retina.E11_CTAGGATTCTGGTACA-1","RPCs_S2"
"6753","E14_rep1.TGCCCATTCGGAAACG.1","retina.E14_GCTGAGCTCTTCTCTC-1","RPCs_S2"
"7572","E14_rep2.AGTCTTTCACAGTCGC.1","retina.E16_AGTCCGGCATTTAGGC-1","RPCs_S2"
"7906","E14_rep2.CATATGGCATCGGACC.1","retina.E16_TGGGTTAAGGTACACG-1","RPCs_S2"
"5018","E14_rep1.CACTCCACATTAACCG.1","retina.E14_CTGTTCGCAAGCCTTA-1","RPCs_S2"
"4396","E14_rep1.AGCTCTCAGACTTTCG.1","retina.E16_GTACTTTCAAGTTGCT-1","RPCs_S2"
"7897","E14_rep2.CAGGTGCAGGCCCTCA.1","retina.P0_GACCTTCTCTGGCTAA-1","RPCs_S2"
"9479","E16.TCAATCTAGTGTACCT.1","retina.E18_TTCTGTATCAGAACGG-1","RPCs_S2"
"4468","E14_rep1.AGGGATGCACCGCTAG.1","retina.E11_AAGGTTCTCCCGGGTA-1","RPCs_S2"
"8911","E16.AAGGCAGTCGAATGCT.1","retina.E16_GCACCTTAGGATTTGA-1","RPCs_S2"
"5961","E14_rep1.GAAACTCTCCATTCTA.1","retina.E11_TTACGGACAGTAACCT-1","RPCs_S2"
"7506","E14_rep2.AGCTCTCAGACCACGA.1","retina.E16_AACGGGATCTGGCGCA-1","RPCs_S2"
"5366","E14_rep1.CCGTGGAGTGAGGCTA.1","retina.E18_TTGCACCCAACAACTC-1","RPCs_S2"
"8602","E14_rep2.GGTGCGTAGTATCTCG.1","retina.E16_CACAGATCAGTGCGAA-1","RPCs_S2"
"7494","E14_rep2.AGCGTATTCAGGCCCA.1","retina.E16_CGCTATCCACGAACGA-1","RPCs_S2"
"5465","E14_rep1.CCTTCGATCCAAACAC.1","retina.E14_TTCGCGTGTACGTAAA-1","RPCs_S2"
"4511","E14_rep1.AGTCTTTAGTTTGCGT.1","retina.E16_ATGTCTTCAGACCTGC-1","RPCs_S2"
"4129","E14_rep1.ACTGAACGTCTAGCCG.1","retina.E16_TCCCACAGTGCGCATC-1","RPCs_S2"
"6227","E14_rep1.GCTCTGTCAACAACCT.1","retina.E18_ACATGGTAGGCTCAGA-1","RPCs_S2"
"4943","E14_rep1.CACAGGCTCAAACAAG.1","retina.E16_CTCAACCAGGGAAATG-1","RPCs_S2"
"7481","E14_rep2.AGCCTAACACTCGACG.1","retina.E16_GTGCACGGTCGATTAC-1","RPCs_S2"
"8509","E14_rep2.GCGCGATAGTTACCCA.1","retina.E18_TTCGGTCGTTTGAAGA-1","RPCs_S2"
"7849","E14_rep2.CAGATCAAGTTACGGG.1","retina.E16_TATGTTCAGTCGTGAG-1","RPCs_S2"
"5434","E14_rep1.CCTCTGATCAATCTCT.1","retina.E14_GACTAGTGTGAATGGC-1","RPCs_S2"
"8849","E14_rep2.TTTATGCAGTTGAGTA.1","retina.E14_ACCCAAATCAAACCCA-1","RPCs_S2"
"6759","E14_rep1.TGCGTGGGTAGAAGGA.1","retina.E16_GTGCTGGGTGCGCTCA-1","RPCs_S2"
"6130","E14_rep1.GATGAGGCAAGCCCAC.1","retina.E14_TAAGTGCCAACTACTG-1","RPCs_S2"
"3940","E14_rep1.ACCGTAAGTCGAATCT.1","retina.E16_TTCGCGTAGGATGTCG-1","RPCs_S2"
"6741","E14_rep1.TGATTTCCAACGATGG.1","retina.E16_GTTATGGTCTTCACTA-1","RPCs_S2"
"4608","E14_rep1.ATAGACCTCAGTGCAT.1","retina.E11_TACTCGCAGGCTTAAA-1","RPCs_S2"
"6446","E14_rep1.GTCTCGTTCAGCCTAA.1","retina.E12_TAACAGCCAATGACTC-1","RPCs_S2"
"7598","E14_rep2.AGTTGGTGTCTGATTG.1","retina.E16_GCGATTAGTAGCAGGT-1","RPCs_S2"
"5622","E14_rep1.CGGAGTCAGAAACCTA.1","retina.E14_TTACGTTAGACCATAA-1","RPCs_S2"
"6209","E14_rep1.GCGCAACCACACTGCG.1","retina.E14_AATACGCCAGTAACTC-1","RPCs_S2"
"5511","E14_rep1.CGAGAAGGTTCTGTTT.1","retina.E18_TCAGGTATCATCGCCT-1","RPCs_S2"
"8852","E14_rep2.TTTCCTCTCACTTATC.1","retina.P0_TTGTTGTGTAACTCCA-1","RPCs_S2"
"4082","E14_rep1.ACGGGCTCACGGCCAT.1","retina.E16_CAGCTAAGTCCTCAGG-1","RPCs_S2"
"8922","E16.AATCGGTCATCGGAAG.1","retina.P0_GGCGAAATCCTGGGAC-1","RPCs_S2"
"9206","E16.CCCAATCGTAATAGCA.1","retina.E16_GCAGCCAAGTCCCGCA-1","RPCs_S2"
"5112","E14_rep1.CAGGTGCAGCTAACAA.1","retina.E14_CTAGGATTCCGCGATG-1","RPCs_S2"
"9178","E16.CATCGAAGTAGCGTAG.1","retina.E16_GTCGTAATCGCTTGAA-1","RPCs_S2"
"9159","E16.CAGTAACGTCGCTTCT.1","retina.E16_AGTCCGGGTCTCGGGT-1","RPCs_S2"
"8090","E14_rep2.CGAATGTGTGCATCTA.1","retina.E14_CCGTAGGAGTTCAGGG-1","RPCs_S2"
"8550","E14_rep2.GGACATTTCGATAGAA.1","retina.E16_TTCGGTCCAGCTTACA-1","RPCs_S2"
"8277","E14_rep2.CTCGAAATCGAATGCT.1","retina.E16_GGACACCCATAGATAG-1","RPCs_S2"
"9313","E16.CTGAAACGTAGAAGGA.1","retina.E16_ACAGGCCGTATGCTAC-1","RPCs_S2"
"7468","E14_rep2.AGCAGCCAGTACGCCC.1","retina.E16_GCGATCGGTAGATGAT-1","RPCs_S2"
"7484","E14_rep2.AGCGGTCCAACTGCTA.1","retina.E16_TGGTCAAAGATCCGAG-1","RPCs_S2"
"6895","E14_rep1.TTTGGTTGTAGAAGGA.1","retina.E16_TACTAGGCACGCTGTG-1","RPCs_S2"
"6336","E14_rep1.GGGAATGGTTAGAACA.1","retina.E14_TGGCCTTAGTAGTCGG-1","RPCs_S2"
"8938","E16.ACAGCTAAGGAATTAC.1","retina.E18_CTTGTCGTCTTACCTA-1","RPCs_S2"
"6808","E14_rep1.TGTGGTATCTGTTTGT.1","retina.E11_ATTCGTTAGTAACATG-1","RPCs_S2"
"6976","E14_rep2.AACACGTAGGCTATCT.1","retina.E14_TTGCCCACAAGCAGGT-1","RPCs_S2"
"7628","E14_rep2.ATCACGACAGCGAACA.1","retina.E18_GACTAGTTCGCATAAC-1","RPCs_S2"
"5398","E14_rep1.CCTACCATCACCAGGC.1","retina.E14_GTGATCAAGATGAGGA-1","RPCs_S2"
"6448","E14_rep1.GTCTTCGAGGGAAACA.1","retina.E14_CTTGCTGAGGCGTAGT-1","RPCs_S2"
"8813","E14_rep2.TGGTTCCAGGCTAGAC.1","retina.E16_TGTGACAAGTCGAAAT-1","RPCs_S2"
"9267","E16.CGTCACTAGAGTTGGC.1","retina.P0_GCGGTGTCACTCAGCG-1","RPCs_S2"
"4808","E14_rep1.ATTTCTGAGTCGATAA.1","retina.E16_ACCGGGTGTGGCCTCA-1","RPCs_S2"
"4563","E14_rep1.AGTGTCAGTCTCTCGT.1","retina.E14_AGTTACGTCCTATCAT-1","RPCs_S2"
"6678","E14_rep1.TCTCTAAAGCCCTAAT.1","retina.E11_AGCCTGGTCAACTTGG-1","RPCs_S2"
"3789","E14_rep1.ACACCCTCACTGCCAG.1","retina.E18_CTCTACGGTCCGTAGC-1","RPCs_S2"
"5310","E14_rep1.CCCAGTTGTCTGGAGA.1","retina.E14_CTTTGCGGTAACGGTG-1","RPCs_S2"
"5640","E14_rep1.CGGTTAACAATCCGAT.1","retina.E14_CTAGGGCCAACGCAAG-1","RPCs_S2"
"7458","E14_rep2.AGATCTGAGTGGGATC.1","retina.E16_CTCTAGCAGACCAATA-1","RPCs_S2"
"4843","E14_rep1.CAACTAGCATAGGATA.1","retina.E11_GATGATCCAATTGCCA-1","RPCs_S2"
"5578","E14_rep1.CGCTGGAAGAGTACAT.1","retina.E14_GCCATAAAGCGTGTTT-1","RPCs_S2"
"7339","E14_rep2.ACGGGTCCATGACGGA.1","retina.E16_CGTGGCACAGAACAGC-1","RPCs_S2"
"8661","E14_rep2.GTTAAGCCACATGGGA.1","retina.P0_CAAGGCCCAGTGCTCG-1","RPCs_S2"
"9511","E16.TGCTACCCACCCTATC.1","retina.E16_ACTACGACACGCGCAT-1","RPCs_S2"
"7923","E14_rep2.CATCAAGTCAGCGATT.1","retina.E18_TAAGCCAGTCTGTGTA-1","RPCs_S2"
"5388","E14_rep1.CCTACACCAGGCTGAA.1","retina.E16_TTCAACTGTCATCAAC-1","RPCs_S2"
"4061","E14_rep1.ACGGAGAGTCCAAGTT.1","retina.E12_ACTAGGTTCACTAGCA-1","RPCs_S2"
"7697","E14_rep2.ATTACTCCACTAGTAC.1","retina.E14_TGTGACAGTCTGGTCG-1","RPCs_S2"
"6182","E14_rep1.GCATGCGAGACAGAGA.1","retina.E11_TCCCACAAGAGCGAAA-1","RPCs_S2"
"14804","P0.TCGCGAGAGGTAAACT.1","retina.P0_TCTCTGGAGCGTGTTT-1","RPCs_S3"
"16121","P2_rep3.TGCACCTCACATTTCT.1","retina.P0_ACATGCACAAATAGTG-1","RPCs_S3"
"17441","P8_rep1.GGCAATTTCTGCTGTC.1","retina.E18_GTACTTTTCGATATGC-1","RPCs_S3"
"13297","P0.ACTGATGAGCAATATG.1","retina.E16_GTAGACTGTCGACTGC-1","RPCs_S3"
"14088","P0.CGCGGTAGTAAATGTG.1","retina.E18_CCACAGGAGCTTACCA-1","RPCs_S3"
"14270","P0.CTCGGGAAGGTACTCT.1","retina.E18_CTCCCAAGTCGACTGC-1","RPCs_S3"
"13406","P0.AGCAGCCTCCTTTACA.1","retina.P0_AATGCCAAGTATACGA-1","RPCs_S3"
"10416","E18_rep2.CACACAAAGACGCACA.1","retina.P0_CTTAATCGTATTCGAC-1","RPCs_S3"
"11958","E18_rep3.AAATGCCGTGTAATGA.1","retina.P0_TTCATCATCCTGTGGG-1","RPCs_S3"
"10644","E18_rep2.CCAGCGAAGAGTACAT.1","retina.E18_CTAGCGGTCGCGGCAT-1","RPCs_S3"
"15704","P2_rep3.CTCTACGGTCGCGGTT.1","retina.P2_ATGCATGGTAACCGAG-1","RPCs_S3"
"11476","E18_rep2.GGGTTGCAGAGGTTAT.1","retina.P0_CGCTATCTCAAGTTGC-1","RPCs_S3"
"15098","P2_rep3.AGGCCACCACGGTTTA.1","retina.P2_GTGGCGTGTTGGCTTA-1","RPCs_S3"
"13266","P0.ACGGGTCTCTTGAGGT.1","retina.P5_TGCGTAATCGAGCGCT-1","RPCs_S3"
"15301","P2_rep3.CACAGGCCACGTAAGG.1","retina.P2_GGATGAGAGCTTCAAC-1","RPCs_S3"
"9736","E18_rep2.AAGTCTGGTACAAGTA.1","retina.E14_GGAATCTGTAAGTGCG-1","RPCs_S3"
"13471","P0.AGGCCACAGTCAATAG.1","retina.P2_GCCATAACATTAAGGA-1","RPCs_S3"
"14248","P0.CTCAGAACAGATGAGC.1","retina.E18_TCAGCTCTCTGTGTGA-1","RPCs_S3"
"9690","E18_rep2.AAGACCTTCGTAGGAG.1","retina.E18_AACGAGGCAAGCAACG-1","RPCs_S3"
"11948","E18_rep3.AAAGCAACACAGCCCA.1","retina.E16_TTAGGTGAGGCAATTA-1","RPCs_S3"
"16402","P5.ACTTGTTTCCGCGGTA.1","retina.P0_GCTCAGGCATAGATAG-1","RPCs_S3"
"12872","E18_rep3.TTGTAGGTCAATCACG.1","retina.E16_CAGTGCGTCGATATGC-1","RPCs_S3"
"17037","P8_rep1.ACACCGGTCTGACCTC.1","retina.P0_GGATAGGCAATGGTCT-1","RPCs_S3"
"12903","P0.AAAGCAAAGAAACCTA.1","retina.E16_GAATCTGTCGGTAGGA-1","RPCs_S3"
"16541","P5.CAGCAGCGTCTCTTAT.1","retina.P2_GGGTTATTCCCACTTG-1","RPCs_S3"
"12462","E18_rep3.CGCTATCGTAAGAGGA.1","retina.E14_GACTAGTAGTAATGTG-1","RPCs_S3"
"12193","E18_rep3.AGGGATGCAGCTCCGA.1","retina.P0_AAATGCCCAAGGGTAC-1","RPCs_S3"
"12360","E18_rep3.CATATTCTCGTGGGAA.1","retina.E18_TATCTGTAGTAATGTG-1","RPCs_S3"
"8489","E14_rep2.GCGACCACAAGTCATC.1","retina.E16_TTAACGGCACCTGTGG-1","RPCs_S3"
"16714","P5.CTTAGGAGTCCGAGTC.1","retina.P5_TTACTCATCAGTTGAC-1","RPCs_S3"
"10384","E18_rep2.CAAGAAATCGCTTAGA.1","retina.P0_AGACAAAAGAGCAGCT-1","RPCs_S3"
"12634","E18_rep3.GCCAAATCATCGTCGG.1","retina.P0_GACCTTCAGTCGTACT-1","RPCs_S3"
"17164","P8_rep1.AGCGTATCAGTATCTG.1","retina.E11_AGCTATGGTCTGTGTA-1","RPCs_S3"
"13922","P0.CATTCGCTCGGTCCGA.1","retina.P0_TCACAGATCCGGGCAT-1","RPCs_S3"
"14089","P0.CGCGGTAGTGAAAGAG.1","retina.P2_TACTGCCAGGATGCCA-1","RPCs_S3"
"15363","P2_rep3.CAGCCGAGTCATTAGC.1","retina.E12_GTAATCGGTAACAATG-1","RPCs_S3"
"17522","P8_rep2.AAACCTGTCCACTCCA.1","retina.P5_ATGTTTCAGGTTACAA-1","RPCs_S3"
"12444","E18_rep3.CGAGCACGTCAACTGT.1","retina.E16_AAATGAGGTTGTGAGG-1","RPCs_S3"
"13040","P0.AAGGTTCCAGCCTGTG.1","retina.P0_TAGGTCATCACTACCC-1","RPCs_S3"
"11614","E18_rep2.GTTTCTACAGATCTGT.1","retina.E16_GCGATTATCGACTCGG-1","RPCs_S3"
"14625","P0.GTACTCCCAATTGCTG.1","retina.P5_GAGGCTCTCAAGTTGC-1","RPCs_S3"
"16870","P5.TCATTACCAATCTACG.1","retina.P5_TGCCTGTGTGCTTCCT-1","RPCs_S3"
"16317","P5.ACACTGAAGATGTAAC.1","retina.E14_CTTGCCATCCAGGCCA-1","RPCs_S3"
"13752","P0.CACACTCTCAAGCCTA.1","retina.E16_GCTTGCTCAACTTGGT-1","RPCs_S3"
"11898","E18_rep2.TTGACTTTCTCGTTTA.1","retina.P0_CCCTGATAGTTGTCCA-1","RPCs_S3"
"16093","P2_rep3.TCGTAGATCATCATTC.1","retina.P5_GGGAACAAGAGAGGTA-1","RPCs_S3"
"9569","E18_rep2.AAAGTAGCATATGAGA.1","retina.P0_TCAGGGCTCCCAATGA-1","RPCs_S3"
"13852","P0.CAGTCCTCAGAAGCAC.1","retina.P2_AGTTTGGGTTTGCGAT-1","RPCs_S3"
"10167","E18_rep2.AGGCCGTAGAGTAATC.1","retina.P0_ATCGAGTAGTCCGGAA-1","RPCs_S3"
"13650","P0.ATTACTCTCGTACGGC.1","retina.P0_GACCTTCAGGCAGTAC-1","RPCs_S3"
"15463","P2_rep3.CCCATACCACTGAAGG.1","retina.P8_GTGATCAAGACCAATA-1","RPCs_S3"
"11963","E18_rep3.AACACGTTCGGGAGTA.1","retina.P0_TATCTGTAGTGTCCCG-1","RPCs_S3"
"16145","P2_rep3.TGGGAAGCAGGATTGG.1","retina.P8_TTAGCGATCCATTGAG-1","RPCs_S3"
"13772","P0.CACCACTGTACTCTCC.1","retina.P0_GTTACGAGTAGCAGCA-1","RPCs_S3"
"15137","P2_rep3.AGTCTTTAGTCGAGTG.1","retina.P0_TCGTTCGGTTGGCGAA-1","RPCs_S3"
"14757","P0.TAGACCATCGTTGACA.1","retina.P0_CCTTGCATCCCTATTA-1","RPCs_S3"
"15246","P2_rep3.ATTGGACAGAGCAATT.1","retina.E14_TGCTCGTTCACTCGGG-1","RPCs_S3"
"10907","E18_rep2.CGTAGCGAGGATATAC.1","retina.P0_CAGCCTTCACATATCG-1","RPCs_S3"
"17240","P8_rep1.CAAGAAAAGCTAAGAT.1","retina.P8_CTGGCAGAGCGTATCT-1","RPCs_S3"
"17068","P8_rep1.ACGAGCCAGGCTAGGT.1","retina.P8_CAGCCTTTCAAGTTGC-1","RPCs_S3"
"16970","P8_rep1.AACCGCGGTTGAACTC.1","retina.P5_TTAGGTGGTCACTCTC-1","RPCs_S3"
"13489","P0.AGGGAGTTCCACGTTC.1","retina.P5_TAGCACAAGGATATCA-1","RPCs_S3"
"13883","P0.CATCGAACAAGGACTG.1","retina.E16_CGCTGGACAGTAAGAT-1","RPCs_S3"
"10125","E18_rep2.AGCGGTCTCCCGGATG.1","retina.P0_AGCCTCTTCGCATAAC-1","RPCs_S3"
"11451","E18_rep2.GGGACCTGTAAGTGGC.1","retina.P0_TGAATCGCATCAGAAA-1","RPCs_S3"
"16032","P2_rep3.TACTTGTTCCTGCTTG.1","retina.P5_CTTCTAATCTGCTACC-1","RPCs_S3"
"14206","P0.CGTTGGGTCACTCCTG.1","retina.E14_TCGAGCGAGCGCATTT-1","RPCs_S3"
"15303","P2_rep3.CACAGTAAGGCTACGA.1","retina.E14_GTTATGGAGGTCGTTT-1","RPCs_S3"
"9590","E18_rep2.AACACGTGTTCCCGAG.1","retina.E16_CATTGGACATCTCACC-1","RPCs_S3"
"13741","P0.CACACCTGTTAAAGAC.1","retina.P0_CTGTTCGGTGGAAAGA-1","RPCs_S3"
"9563","E18_rep2.AAAGCAAGTGTAAGTA.1","retina.E18_GCGAGTCCAGACCTGC-1","RPCs_S3"
"9611","E18_rep2.AACCGCGTCAAGAAGT.1","retina.E16_ACTGCAAGTTACTTTC-1","RPCs_S3"
"10047","E18_rep2.AGAATAGGTACACCGC.1","retina.P5_GAAAGTACATCGCCTT-1","RPCs_S3"
"10947","E18_rep2.CGTTCTGGTGACTACT.1","retina.P0_TTAGCTTAGTTCAACC-1","RPCs_S3"
"13699","P0.CAACTAGGTTACGGAG.1","retina.P0_TACGCAACAAGGTTCT-1","RPCs_S3"
"12289","E18_rep3.CAACCTCCAGCTGCTG.1","retina.E16_TAATCGGGTAGCGGTA-1","RPCs_S3"
"12045","E18_rep3.ACAGCTACACGCGAAA.1","retina.E18_TACATTCCAGCTTACA-1","RPCs_S3"
"11036","E18_rep2.CTCGAAAGTTACAGAA.1","retina.P0_CCGAAGCGTTAGGAAT-1","RPCs_S3"
"15049","P2_rep3.AGATCTGCAATGTTGC.1","retina.P0_GTTATGGTCCTAGAGT-1","RPCs_S3"
"13361","P0.AGAGCGATCACGGTTA.1","retina.P0_TGCTCGTTCTCGTAGA-1","RPCs_S3"
"10568","E18_rep2.CATCAAGGTTCGGCAC.1","retina.E18_TTGACGACATGTCCCT-1","RPCs_S3"
"15820","P2_rep3.GCAAACTTCTGGCGAC.1","retina.P8_TACATGGGTAGTATCC-1","RPCs_S3"
"13105","P0.ACAGCCGAGCGTTTAC.1","retina.P0_GCCATAAAGGTCACTT-1","RPCs_S3"
"13039","P0.AAGGTTCAGTGTCCAT.1","retina.E16_CCTCCCTGTTTCCGGG-1","RPCs_S3"
"13639","P0.ATGTGTGAGGTGCTTT.1","retina.E18_ATCGAGTGTCATAGCT-1","RPCs_S3"
"11629","E18_rep2.TACACGAAGAGGGATA.1","retina.E16_TGAGCCGGTTTAGGAA-1","RPCs_S3"
"11980","E18_rep3.AACTCAGGTCCGCTGA.1","retina.P0_CAACGTAGTGCTGAAG-1","RPCs_S3"
"15886","P2_rep3.GGAAAGCTCGTTTATC.1","retina.E14_TTAACGGTCTGGACAT-1","RPCs_S3"
"15706","P2_rep3.CTCTACGTCCTTGCCA.1","retina.P2_AGCGATTCATCGAGTT-1","RPCs_S3"
"11239","E18_rep2.GACTACACAGTATGCT.1","retina.P0_ACTGTCCAGGTCGGTA-1","RPCs_S3"
"16038","P2_rep3.TAGGCATGTCGCGGTT.1","retina.P0_CCGTAGGAGGTTAGTA-1","RPCs_S3"
"9883","E18_rep2.ACGAGCCCAGCTCCGA.1","retina.E16_CTTGCCATCCTTGACC-1","RPCs_S3"
"11599","E18_rep2.GTTAAGCTCCTATTCA.1","retina.P0_GAAGTGGTCTCCACTG-1","RPCs_S3"
"15547","P2_rep3.CGATGGCGTGTTCGAT.1","retina.P0_CTAACTTTCTGTAGAC-1","RPCs_S3"
"9980","E18_rep2.ACTATCTGTTCGTGAT.1","retina.E18_ACGGATTGTATTTGCG-1","RPCs_S3"
"16248","P5.AACACGTGTAGCTTGT.1","retina.P8_GCGTAGCCACCACGAC-1","RPCs_S3"
"15513","P2_rep3.CCTTACGAGAAAGTGG.1","retina.P0_TAACGGTGTGTCGTCG-1","RPCs_S3"
"13584","P0.ATCATGGTCCTTGGTC.1","retina.P0_GTTACGATCAAGAGGC-1","RPCs_S3"
"10836","E18_rep2.CGCCAAGAGCGATCCC.1","retina.E14_TAACGGTAGTGAAGGA-1","RPCs_S3"
"12225","E18_rep3.ATAACGCGTCTCCCTA.1","retina.P0_GGGTTATTCAGTGGTT-1","RPCs_S3"
